WA,OR
WA,ID
OR,WA
OR,ID
OR,NV
OR,CA
ID,WA
ID,OR
ID,NV
ID,MT
ID,WY
ID,UT
NV,OR
NV,CA
NV,ID
NV,UT
NV,AZ
CA,OR
CA,NV
CA,AZ
AZ,CA
AZ,NV
AZ,UT
AZ,NM
UT,NV
UT,ID
UT,WY
UT,CO
UT,AZ
MT,ID
MT,ND
MT,SD
MT,WY
WY,ID
WY,UT
WY,MT
WY,SD
WY,NE
WY,CO
CO,UT
CO,WY
CO,NE
CO,KA
CO,OK
CO,NM
ND,MT
ND,MN
ND,SD
SD,MT
SD,WY
SD,ND
SD,MN
SD,IA
SD,NE
NE,WY
NE,CO
NE,SD
NE,IA
NE,MO
NE,KA
KA,CO
KA,NE
KA,MO
KA,OK
OK,CO
OK,NM
OK,KA
OK,MO
OK,AR
OK,TX
NM,CO
NM,OK
NM,TX
NM,AZ
TX,NM
TX,OK
TX,AR
TX,LA
MN,ND
MN,SD
MN,WI
MN,IA
IA,SD
IA,NE
IA,MN
IA,WI
IA,IL
IA,MO
MO,NE
MO,KA
MO,OK
MO,IA
MO,IL
MO,KY
MO,TN
MO,AR
AR,OK
AR,TX
AR,MO
AR,MS
AR,TN
AR,LA
LA,TX
LA,AR
LA,MS
WI,MN
WI,IA
WI,MI
WI,IL
IL,IA
IL,MO
IL,WI
IL,IN
IL,KY
KY,MO
KY,IL
KY,IN
KY,OH
KY,WV
KY,VA
KY,TN
TN,MO
TN,AR
TN,MS
TN,AL
TN,KY
TN,VA
TN,NC
TN,GA
MS,AR
MS,LA
MS,TN
MS,AL
MI,WI
MI,OH
MI,IN
IN,IL
IN,OH
IN,KY
IN,MI
OH,IN
OH,MI
OH,PA
OH,WV
OH,KY
AL,MS
AL,TN
AL,GA
AL,FL
GA,AL
GA,TN
GA,NC
GA,SC
GA,FL
FL,AL
FL,GA
PA,OH
PA,NY
PA,NJ
PA,DE
PA,MD
PA,WV
WV,OH
WV,KY
WV,PA
WV,MD
WV,VA
VA,KY
VA,TN
VA,WV
VA,MD
VA,DC
VA,NC
NC,TN
NC,GA
NC,VA
NC,SC
SC,GA
SC,NC
NY,PA
NY,VT
NY,MA
NY,CT
NY,NJ
NJ,PA
NJ,NY
NJ,DE
DE,PA
DE,NJ
DE,MD
MD,PA
MD,WV
MD,VA
MD,DE
MD,DC
DC,VA
DC,MD
VT,NY
VT,NH
VT,MA
MA,NY
MA,VT
MA,NH
MA,RI
MA,CT
CT,NY
CT,MA
CT,RI
NH,VT
NH,MA
NH,ME
RI,MA
RI,CT
ME,NH
